{
  "Headers": [],
  "Blocks": [
    {
      "Main": {
        "a": 1.0,
        "r": 0.9716981,
        "g": 0.9716981,
        "b": 0.9716981
      },
      "Second": {
        "a": 1.0,
        "r": 0.9716981,
        "g": 0.789481342,
        "b": 0.142087922
      },
      "Third": {
        "a": 1.0,
        "r": 0.04705883,
        "g": 0.04705883,
        "b": 0.0274509825
      },
      "DecalA": {
        "a": 1.0,
        "r": 0.3137255,
        "g": 0.309803933,
        "b": 0.3019608
      },
      "DecalB": {
        "a": 1.0,
        "r": 0.9725491,
        "g": 0.9725491,
        "b": 0.9725491
      },
      "name": "TigerColors",
      "internalEnabled": true,
      "persistentID": 1
    },
    {
      "Main": {
        "a": 1.0,
        "r": 0.3537736,
        "g": 0.62200284,
        "b": 1.0
      },
      "Second": {
        "a": 1.0,
        "r": 1.0,
        "g": 1.0,
        "b": 1.0
      },
      "Third": {
        "a": 1.0,
        "r": 0.196911722,
        "g": 0.334293872,
        "b": 0.7075472
      },
      "DecalA": {
        "a": 1.0,
        "r": 0.0,
        "g": 0.0,
        "b": 0.0
      },
      "DecalB": {
        "a": 1.0,
        "r": 0.7169812,
        "g": 0.7169812,
        "b": 0.7169812
      },
      "name": "Soumi",
      "internalEnabled": true,
      "persistentID": 2
    },
    {
      "Main": {
        "a": 1.0,
        "r": 1.0,
        "g": 0.06774927,
        "b": 0.0
      },
      "Second": {
        "a": 1.0,
        "r": 1.0,
        "g": 1.0,
        "b": 1.0
      },
      "Third": {
        "a": 1.0,
        "r": 0.9056604,
        "g": 0.56396836,
        "b": 0.491278052
      },
      "DecalA": {
        "a": 1.0,
        "r": 0.8113208,
        "g": 0.616283059,
        "b": 0.179868281
      },
      "DecalB": {
        "a": 1.0,
        "r": 1.0,
        "g": 0.4484763,
        "b": 0.25
      },
      "name": "Redish",
      "internalEnabled": true,
      "persistentID": 3
    },
    {
      "Main": {
        "a": 1.0,
        "r": 1.0,
        "g": 1.0,
        "b": 1.0
      },
      "Second": {
        "a": 1.0,
        "r": 0.8301887,
        "g": 0.191883251,
        "b": 0.59238863
      },
      "Third": {
        "a": 1.0,
        "r": 0.405749381,
        "g": 0.434069782,
        "b": 0.8867924
      },
      "DecalA": {
        "a": 1.0,
        "r": 0.3920879,
        "g": 0.796876252,
        "b": 0.8396226
      },
      "DecalB": {
        "a": 1.0,
        "r": 0.497152,
        "g": 0.7924528,
        "b": 0.5327131
      },
      "name": "Pastell",
      "internalEnabled": true,
      "persistentID": 4
    },
    {
      "Main": {
        "a": 1.0,
        "r": 0.3019608,
        "g": 0.3529412,
        "b": 0.6313726
      },
      "Second": {
        "a": 1.0,
        "r": 0.20784314,
        "g": 0.172549024,
        "b": 0.403921574
      },
      "Third": {
        "a": 1.0,
        "r": 0.7921569,
        "g": 0.345098048,
        "b": 0.368627459
      },
      "DecalA": {
        "a": 1.0,
        "r": 0.3019608,
        "g": 0.3529412,
        "b": 0.6313726
      },
      "DecalB": {
        "a": 1.0,
        "r": 1.0,
        "g": 1.0,
        "b": 0.9843137
      },
      "name": "Red King",
      "internalEnabled": true,
      "persistentID": 5
    },
    {
      "Main": {
        "a": 1.0,
        "r": 0.0,
        "g": 0.0,
        "b": 0.0
      },
      "Second": {
        "a": 1.0,
        "r": 0.9647059,
        "g": 0.5294118,
        "b": 0.992156863
      },
      "Third": {
        "a": 1.0,
        "r": 0.368627459,
        "g": 0.992156863,
        "b": 0.992156863
      },
      "DecalA": {
        "a": 1.0,
        "r": 0.956862748,
        "g": 0.2627451,
        "b": 0.113725491
      },
      "DecalB": {
        "a": 1.0,
        "r": 0.992156863,
        "g": 1.0,
        "b": 0.113725491
      },
      "name": "Retro",
      "internalEnabled": true,
      "persistentID": 6
    },
    {
      "Main": {
        "a": 1.0,
        "r": 0.7019608,
        "g": 0.7176471,
        "b": 0.721568644
      },
      "Second": {
        "a": 1.0,
        "r": 0.113725491,
        "g": 0.117647059,
        "b": 0.1254902
      },
      "Third": {
        "a": 1.0,
        "r": 0.831372559,
        "g": 0.847058833,
        "b": 0.858823538
      },
      "DecalA": {
        "a": 1.0,
        "r": 0.8156863,
        "g": 0.733333349,
        "b": 0.5882353
      },
      "DecalB": {
        "a": 1.0,
        "r": 0.968627453,
        "g": 0.968627453,
        "b": 0.968627453
      },
      "name": "The moon",
      "internalEnabled": true,
      "persistentID": 7
    },
    {
      "Main": {
        "a": 1.0,
        "r": 0.9019608,
        "g": 0.353568643,
        "b": 0.384345949
      },
      "Second": {
        "a": 1.0,
        "r": 0.334901959,
        "g": 0.5997871,
        "b": 0.784313738
      },
      "Third": {
        "a": 1.0,
        "r": 0.406274527,
        "g": 0.6290924,
        "b": 0.784313738
      },
      "DecalA": {
        "a": 1.0,
        "r": 0.2273229,
        "g": 0.160588235,
        "b": 0.3529412
      },
      "DecalB": {
        "a": 1.0,
        "r": 0.9019608,
        "g": 0.391451,
        "b": 0.420102239
      },
      "name": "Bavarian",
      "internalEnabled": true,
      "persistentID": 8
    },
    {
      "Main": {
        "a": 1.0,
        "r": 0.203,
        "g": 0.161421686,
        "b": 0.0146747008
      },
      "Second": {
        "a": 1.0,
        "r": 0.65,
        "g": 0.458273351,
        "b": 0.2151079
      },
      "Third": {
        "a": 1.0,
        "r": 0.8430234,
        "g": 0.853000045,
        "b": 0.71831584
      },
      "DecalA": {
        "a": 1.0,
        "r": 0.7376707,
        "g": 0.804731667,
        "b": 0.845999956
      },
      "DecalB": {
        "a": 1.0,
        "r": 0.893,
        "g": 0.654866636,
        "b": 0.238133326
      },
      "name": "EntropyMachine",
      "internalEnabled": true,
      "persistentID": 9
    },
    {
      "Main": {
        "a": 1.0,
        "r": 0.6,
        "g": 0.596078455,
        "b": 0.6156863
      },
      "Second": {
        "a": 1.0,
        "r": 0.15719685,
        "g": 0.161,
        "b": 0.131842524
      },
      "Third": {
        "a": 1.0,
        "r": 0.61609447,
        "g": 0.631,
        "b": 0.5167244
      },
      "DecalA": {
        "a": 1.0,
        "r": 0.867,
        "g": 0.8588972,
        "b": 0.8102804
      },
      "DecalB": {
        "a": 1.0,
        "r": 0.8901961,
        "g": 0.20784314,
        "b": 0.1882353
      },
      "name": "System",
      "internalEnabled": true,
      "persistentID": 10
    },
    {
      "Main": {
        "a": 1.0,
        "r": 0.894117653,
        "g": 0.9098039,
        "b": 0.921568632
      },
      "Second": {
        "a": 0.5647059,
        "r": 0.26761955,
        "g": 0.51,
        "b": 0.24276
      },
      "Third": {
        "a": 1.0,
        "r": 0.692,
        "g": 0.261576,
        "b": 0.277818471
      },
      "DecalA": {
        "a": 1.0,
        "r": 0.804,
        "g": 0.275772065,
        "b": 0.6699114
      },
      "DecalB": {
        "a": 1.0,
        "r": 0.9372549,
        "g": 0.8988954,
        "b": 0.275552958
      },
      "name": "Facelift",
      "internalEnabled": true,
      "persistentID": 11
    },
    {
      "Main": {
        "a": 1.0,
        "r": 0.396078438,
        "g": 0.3647059,
        "b": 0.3529412
      },
      "Second": {
        "a": 1.0,
        "r": 0.279496044,
        "g": 0.456510156,